id,full_name,email,password_hash,role,created_at
1,Allison Hill,donaldgarcia@example.net,hashed_bcrypt_pw_1,teacher,2025-10-25 00:20:42
2,Javier Johnson,jesseguzman@example.net,hashed_bcrypt_pw_2,teacher,2025-06-20 07:50:48
3,Kimberly Robinson,lisa02@example.net,hashed_bcrypt_pw_3,teacher,2025-07-31 05:10:13
4,Daniel Gallagher,daviscolin@example.com,hashed_bcrypt_pw_4,teacher,2025-09-02 07:23:44
5,Monica Herrera,smiller@example.net,hashed_bcrypt_pw_5,teacher,2025-09-05 00:16:13
6,Laura Bush,stanleykendra@example.org,hashed_bcrypt_pw_6,teacher,2025-10-18 06:41:44
7,Jamie Chavez,francisco53@example.net,hashed_bcrypt_pw_7,teacher,2025-07-02 18:39:38
8,Maria Lynch,amandasanchez@example.com,hashed_bcrypt_pw_8,teacher,2025-07-23 07:54:23
9,Margaret Hawkins DDS,perezantonio@example.com,hashed_bcrypt_pw_9,teacher,2025-07-27 07:06:28
10,Thomas Bradley,jason76@example.net,hashed_bcrypt_pw_10,teacher,2025-08-06 20:04:54
11,David Hoffman,julie69@example.com,hashed_bcrypt_pw_11,student,2026-01-18 18:53:10
12,Brenda Snyder PhD,hernandezernest@example.net,hashed_bcrypt_pw_12,student,2026-01-29 18:25:52
13,James Ferrell,tasha01@example.net,hashed_bcrypt_pw_13,student,2026-04-24 04:57:58
14,Patricia Peterson,ryan70@example.net,hashed_bcrypt_pw_14,student,2026-04-22 13:49:27
15,Jonathan White,harrellkenneth@example.net,hashed_bcrypt_pw_15,student,2026-02-14 08:58:30
16,James Martin,georgetracy@example.org,hashed_bcrypt_pw_16,student,2026-05-02 07:03:57
17,Sandra Parker,allenashley@example.org,hashed_bcrypt_pw_17,student,2025-11-29 08:22:16
18,Mr. Philip Cannon,donnaarroyo@example.org,hashed_bcrypt_pw_18,student,2026-01-01 02:14:35
19,Jenny Lewis,jenniferross@example.net,hashed_bcrypt_pw_19,student,2026-03-12 07:56:45
20,Joseph Martinez,calebsmith@example.net,hashed_bcrypt_pw_20,student,2025-12-25 17:10:51
21,Benjamin Welch,carlosjohnson@example.com,hashed_bcrypt_pw_21,student,2025-11-26 15:33:26
22,Michael Lewis,jenniferkhan@example.net,hashed_bcrypt_pw_22,student,2026-02-07 23:41:38
23,Rhonda Lee,hopkinsmichael@example.com,hashed_bcrypt_pw_23,student,2026-02-06 22:57:36
24,Megan Joyce,brownjessica@example.org,hashed_bcrypt_pw_24,student,2025-12-29 02:24:07
25,Jerry Henderson,steven17@example.net,hashed_bcrypt_pw_25,student,2025-12-01 14:03:19
26,Kimberly Smith,housemelinda@example.org,hashed_bcrypt_pw_26,student,2026-01-26 21:27:24
27,Dr. Steven Martin,gallowayjoseph@example.com,hashed_bcrypt_pw_27,student,2026-01-04 18:41:47
28,Monica Logan,smoore@example.org,hashed_bcrypt_pw_28,student,2026-05-09 12:34:48
29,Kimberly Adkins,williamsthomas@example.net,hashed_bcrypt_pw_29,student,2025-12-12 10:47:56
30,Angela Lopez,leonardjoe@example.org,hashed_bcrypt_pw_30,student,2026-05-04 13:48:39
31,Lauren Williams,barnesbrandy@example.net,hashed_bcrypt_pw_31,student,2026-01-10 11:01:11
32,Michael Edwards,randy47@example.com,hashed_bcrypt_pw_32,student,2026-05-02 06:42:51
33,Alexandra Howell,jonesjason@example.com,hashed_bcrypt_pw_33,student,2025-12-07 21:23:29
34,Benjamin Sanchez,eric84@example.net,hashed_bcrypt_pw_34,student,2026-05-12 06:55:04
35,Kendra Contreras,sarah12@example.com,hashed_bcrypt_pw_35,student,2025-12-04 18:48:03
36,Juan Nelson,jenniferharris@example.net,hashed_bcrypt_pw_36,student,2026-04-18 09:20:08
37,Danielle Odonnell,davisrodney@example.com,hashed_bcrypt_pw_37,student,2025-11-21 18:17:21
38,Carlos Whitney,joycearnold@example.com,hashed_bcrypt_pw_38,student,2026-02-24 02:12:33
39,Tony Vazquez,amydavenport@example.net,hashed_bcrypt_pw_39,student,2026-02-22 13:29:35
40,Andrew Diaz,nolanjason@example.org,hashed_bcrypt_pw_40,student,2026-03-15 10:39:23
41,Justin Baxter,sarayoung@example.org,hashed_bcrypt_pw_41,student,2026-05-10 21:25:08
42,Sierra Johnson,kimberly63@example.com,hashed_bcrypt_pw_42,student,2025-12-12 18:31:51
43,Janet Williams,dwalker@example.com,hashed_bcrypt_pw_43,student,2026-01-08 10:03:01
44,Crystal Johnson,raymondramirez@example.org,hashed_bcrypt_pw_44,student,2026-05-09 04:36:23
45,Martin Ross,sheila14@example.org,hashed_bcrypt_pw_45,student,2026-02-27 16:25:47
46,Mrs. Linda Reed,samuel81@example.com,hashed_bcrypt_pw_46,student,2026-04-26 21:25:49
47,Andrew Graham,michaeljones@example.net,hashed_bcrypt_pw_47,student,2026-04-30 18:35:10
48,Mary Martinez,william65@example.com,hashed_bcrypt_pw_48,student,2026-03-20 23:16:32
49,Cheryl Ortega,lbyrd@example.net,hashed_bcrypt_pw_49,student,2026-02-25 14:07:20
50,Roy Torres,russellcarpenter@example.net,hashed_bcrypt_pw_50,student,2026-01-11 12:46:27
51,Michael Dixon,donnacampbell@example.net,hashed_bcrypt_pw_51,student,2026-03-09 05:45:10
52,Robert Potter,jeffrey32@example.org,hashed_bcrypt_pw_52,student,2025-11-22 03:36:22
53,Miss Patricia Gibson,jennifercruz@example.com,hashed_bcrypt_pw_53,student,2025-12-28 05:56:13
54,Abigail Potter,osbornejeffery@example.net,hashed_bcrypt_pw_54,student,2026-02-16 06:04:17
55,David Charles,danderson@example.net,hashed_bcrypt_pw_55,student,2026-02-18 15:46:50
56,Emily Fischer,usalazar@example.net,hashed_bcrypt_pw_56,student,2026-01-30 14:29:50
57,Jill Moore,wcole@example.org,hashed_bcrypt_pw_57,student,2026-04-16 00:10:14
58,Richard Washington,joshuajones@example.com,hashed_bcrypt_pw_58,student,2025-12-26 12:21:44
59,Steven Miller,jessebenson@example.net,hashed_bcrypt_pw_59,student,2025-12-22 18:23:03
60,Gary Owens,clarkrobert@example.net,hashed_bcrypt_pw_60,student,2026-05-05 09:22:25
